﻿pos_x,pos_y,rotation,side,designator,mpn,pack,footprint,value,mount_type
90.929216,37.1,0.0,top,BZ1,,,Buzzer_TDK_PS1240P02BT_D12.2mm_H6.5mm,Buzzer,tht
7.8,49.6,180.0,top,C1,,,CP_Radial_D10.0mm_P5.00mm,470u/25V,tht
8.3,42.6,0.0,top,C2,,,C_Disc_D5.0mm_W2.5mm_P5.00mm,"0,1u",tht
8.167677,63.6,180.0,top,C3,,,CP_Radial_D10.0mm_P5.00mm,270u / 16V,tht
12.8,68.6,90.0,top,C4,,,C_Disc_D5.0mm_W2.5mm_P5.00mm,"0,1u",tht
86.8,91.6,180.0,top,C5,,,C_Rect_L7.0mm_W4.5mm_P5.00mm,22n,tht
93.8,89.85,-90.0,top,C6,,,C_Rect_L9.0mm_W2.6mm_P7.50mm_MKT,10u,tht
10.3,21.6,90.0,top,D1,,,Diode_Bridge_Round_D9.8mm,W01G,tht
93.8,9.83,90.0,top,D2,,,LED_D3.0mm,Power,tht
60.4,20.55,180.0,top,D3,,,D_DO-15_P12.70mm_Horizontal,D_Schottky,tht
76.34,47.33,90.0,top,D4,,,D_A-405_P12.70mm_Horizontal,1N4148,tht
80.2,48.6,0.0,top,D5,,,D_A-405_P12.70mm_Horizontal,1N4148,tht
3.35,24.65,90.0,top,F1,,,Fuse_Littelfuse-LVR125,Polyfuse 2A,tht
26.6,48.5,-90.0,top,HS1,,,Heatsink_Fischer_SK104-STCB_35x13mm__2xDrill3.5mm_ScrewM3,6 K/W,tht
25.57,73.2,90.0,top,J1,,,PinSocket_2x20_P2.54mm_Vertical,GPIO,tht
31.76,27.15,90.0,top,J2,,,PinSocket_1x04_P2.54mm_Vertical,RS232,tht
12.55,14.3,0.0,top,J3,,,BarrelJack_GCT_DCJ200-10-A_Horizontal,"Ext. Power max,. 9V DC/AC",tht
81.025,39.55,90.0,top,J5,,,PinHeader_1x02_P2.54mm_Vertical,to Testpins 22(DM) and TP23(DP),tht
77.75,12.94,0.0,top,J6,,,USB_A_Stewart_SS-52100-001_Horizontal,USB_A,tht
43.6,38.85,180.0,top,J7,,,PinHeader_1x04_P2.54mm_Vertical,Z80-MBC2 direct,tht
37.5,50.525,0.0,top,J8,,,PinHeader_1x02_P2.54mm_Vertical,LCD Power,tht
4.3,14.875,0.0,top,J9,,,PinHeader_1x02_P2.54mm_Vertical,On / Off,tht
71.42,55.1,-90.0,top,K1,,,Relay_DPDT_Omron_G5V-2,G5V-2,tht
84.8,59.68,-90.0,top,Q1,,,TO-92_Wide,BC546,tht
96.3,62.6,180.0,top,Q2,,,TO-92_Wide,BC546,tht
76.22,30.1,0.0,top,R1,,,R_Axial_DIN0207_L6.3mm_D2.5mm_P10.16mm_Horizontal,470,tht
96.3,56.6,-90.0,top,R10,,,R_Axial_DIN0207_L6.3mm_D2.5mm_P10.16mm_Horizontal,10,tht
46.72,62.1,0.0,top,R2,,,R_Axial_DIN0207_L6.3mm_D2.5mm_P10.16mm_Horizontal,820,tht
56.88,65.6,180.0,top,R3,,,R_Axial_DIN0207_L6.3mm_D2.5mm_P10.16mm_Horizontal,1.5k,tht
77.72,68.6,0.0,top,R4,,,R_Axial_DIN0207_L6.3mm_D2.5mm_P10.16mm_Horizontal,1k,tht
12.3,61.18,-90.0,top,R5,,,R_Axial_DIN0207_L6.3mm_D2.5mm_P10.16mm_Horizontal,680,tht
16.3,51.02,90.0,top,R6,,,R_Axial_DIN0207_L6.3mm_D2.5mm_P10.16mm_Horizontal,220,tht
78.22,74.1,0.0,top,R7,,,R_Axial_DIN0207_L6.3mm_D2.5mm_P10.16mm_Horizontal,120,tht
79.72,86.6,0.0,top,R8,,,R_Axial_DIN0207_L6.3mm_D2.5mm_P10.16mm_Horizontal,150,tht
93.8,78.1,-90.0,top,R9,,,R_Axial_DIN0207_L6.3mm_D2.5mm_P10.16mm_Horizontal,15k,tht
22.2,51.18,-90.0,top,U1,,,TO-220-3_Vertical,LM350_TO220,tht
